<?xml version="1.0" encoding="UTF-8"?>
<Configuration status="WARN">
  <Properties>
    <Property name="logDir">logs</Property>
  </Properties>
  <Appenders>
    <RollingFile name="FileAppender"
                 fileName="${logDir}/ssn_validator.log"
                 filePattern="${logDir}/ssn_validator-%i.zip">
      <PatternLayout pattern="%d{yyyy-MM-dd HH:mm:ss} %-5p %c{1} - %m%n"/>
      <Policies>
        <SizeBasedTriggeringPolicy size="2MB"/>
      </Policies>
      <DefaultRolloverStrategy max="5" fileIndex="min"/>
    </RollingFile>
  </Appenders>
  <Loggers>
    <Root level="trace">
      <AppenderRef ref="FileAppender"/>
    </Root>
  </Loggers>
</Configuration>
